{"normals":[-0.224955,-0.969903,0.093179,-0.093179,-0.969904,0.224955,0.093179,-0.969903,0.224955,0.224955,-0.969904,0.093179,0.224955,-0.969904,-0.09318,0.093179,-0.969904,-0.224955,-0.093179,-0.969904,-0.224955,-0.224955,-0.969903,-0.09318,0.907058,-0.189954,-0.375716,0.907058,-0.189954,-0.375716,0.375716,-0.189954,-0.907058,0.375716,-0.189954,-0.907059,-0.375716,-0.189954,-0.907058,-0.375716,-0.189954,-0.907058,-0.907058,-0.189954,-0.375716,-0.907059,-0.189954,-0.375716,-0.907058,-0.189954,0.375716,-0.907058,-0.189954,0.375716,-0.375716,-0.189954,0.907059,-0.375716,-0.189954,0.907058,0.375716,-0.189954,0.907058,0.375716,-0.189954,0.907058,0.907059,-0.189954,0.375716,0.907058,-0.189954,0.375716,0.923879,0,-0.382683,0.92388,0,-0.382684,0.382683,0,-0.92388,0.382683,0,-0.923879,-0.382683,0,-0.92388,-0.382683,0,-0.923879,-0.92388,0,-0.382683,-0.92388,0,-0.382683,-0.92388,-0,0.382684,-0.92388,-0,0.382684,-0.382683,-0,0.92388,-0.382683,-0,0.92388,0.382684,-0,0.92388,0.382684,-0,0.92388,0.92388,-0,0.382683,0.92388,-0,0.382683,0.903706,0.20783,-0.374328,0.903707,0.20783,-0.374328,0.374327,0.20783,-0.903706,0.374327,0.20783,-0.903707,-0.374328,0.20783,-0.903706,-0.374327,0.20783,-0.903707,-0.903706,0.20783,-0.374327,-0.903707,0.20783,-0.374327,-0.903706,0.20783,0.374328,-0.903707,0.20783,0.374328,-0.374327,0.20783,0.903707,-0.374327,0.20783,0.903707,0.374328,0.20783,0.903706,0.374328,0.20783,0.903707,0.903706,0.20783,0.374328,0.903707,0.20783,0.374327,0.865949,0.348532,-0.358688,0.358688,0.348532,-0.865949,-0.358688,0.348532,-0.865949,-0.865949,0.348532,-0.358688,-0.865949,0.348532,0.358688,-0.358688,0.348532,0.865949,0.358688,0.348532,0.865949,0.865949,0.348532,0.358688],"vertices":[0.088187,27.7488,0.016646,25.2275,19.503,-25.1227,35.6406,19.503,0.016644,0.088185,19.503,-35.5358,0.088187,27.7488,0.016646,-25.0512,19.503,-25.1227,-35.4642,19.503,0.016647,-25.0512,19.503,25.156,0.088191,19.503,35.5691,0.088187,27.7488,0.016646,25.2276,19.503,25.156,0.088187,27.7488,0.016646,35.6406,19.503,0.016644,35.1997,86.8458,-35.0949,49.7434,86.8458,0.016652,25.2275,19.503,-25.1227,0.088184,86.8458,-49.6385,0.088185,19.503,-35.5358,-35.0233,86.8458,-35.0949,0.088185,19.503,-35.5358,-25.0512,19.503,-25.1227,-49.567,86.8458,0.016656,-35.0233,86.8458,-35.0949,-35.4642,19.503,0.016647,-35.0233,86.8458,35.1282,-49.567,86.8458,0.016656,-25.0512,19.503,25.156,0.088193,86.8458,49.6718,-35.0233,86.8458,35.1282,-25.0512,19.503,25.156,0.088191,19.503,35.5691,0.088191,19.503,35.5691,35.1997,86.8458,35.1282,0.088193,86.8458,49.6718,25.2276,19.503,25.156,25.2276,19.503,25.156,35.6406,19.503,0.016644,35.1997,173.056,-35.0949,49.7434,173.056,0.016664,35.1997,86.8458,-35.0949,0.088184,173.056,-49.6385,35.1997,86.8458,-35.0949,-35.0233,173.056,-35.0949,-35.0233,86.8458,-35.0949,-49.567,173.056,0.016668,-35.0233,173.056,-35.0949,-49.567,86.8458,0.016656,-35.0233,173.056,35.1282,-49.567,86.8458,0.016656,0.088193,173.056,49.6718,0.088193,86.8458,49.6718,35.1997,173.056,35.1282,0.088193,173.056,49.6718,35.1997,86.8458,35.1282,35.1997,173.056,35.1282,49.7434,173.056,0.016664,27.1459,222.582,-27.0411,38.3536,222.582,0.016669,49.7434,173.056,0.016664,35.1997,173.056,-35.0949,0.088185,222.582,-38.2487,35.1997,173.056,-35.0949,0.088184,173.056,-49.6385,0.088184,173.056,-49.6385,-26.9695,222.582,-27.0411,-35.0233,173.056,-35.0949,-38.1772,222.582,0.016673,-26.9695,222.582,-27.0411,-49.567,173.056,0.016668,-26.9695,222.582,27.0744,-38.1772,222.582,0.016673,-35.0233,173.056,35.1282,0.088192,222.582,38.2821,-26.9695,222.582,27.0744,-35.0233,173.056,35.1282,0.088193,173.056,49.6718,27.1459,222.582,27.0744,0.088192,222.582,38.2821,0.088193,173.056,49.6718,35.1997,173.056,35.1282,35.1997,173.056,35.1282,0.088187,317.655,0.016684,0.088185,222.582,-38.2487,0.088187,317.655,0.016684,0.088185,222.582,-38.2487,0.088187,317.655,0.016684,-38.1772,222.582,0.016673,0.088187,317.655,0.016684,-26.9695,222.582,27.0744,0.088187,317.655,0.016684,27.1459,222.582,27.0744,38.3536,222.582,0.016669],"uvs":[[0.365478,0.904922,0.427267,0.972178,0.452861,0.904922,0.365478,1.00004,0.303689,0.972178,0.278095,0.904922,0.303689,0.837667,0.365478,0.809809,0.427267,0.837667,0.183561,0.319288,0.274884,0.473113,0.183561,0.473113,0.274884,0.319288,0.366208,0.473113,0.366208,0.319288,0.457532,0.473113,0.457532,0.319288,0.548855,0.473113,0.548855,0.319288,0.640179,0.473113,0.640179,0.319288,0.731503,0.473113,0.731503,0.319288,0.000913,0.319288,0.092237,0.473113,0.000913,0.473113,0.092237,0.319288,0.274884,0.670034,0.183561,0.670034,0.366208,0.670034,0.457532,0.670034,0.548855,0.670034,0.640179,0.670034,0.731503,0.670034,0.092237,0.670034,0.000913,0.670034,0.274884,0.783161,0.183561,0.783161,0.366208,0.783161,0.457532,0.783161,0.548855,0.783161,0.640179,0.783161,0.731503,0.783161,0.092237,0.783161,0.000913,0.783161,0.000913,1.00033,0.731503,1.00033]],"faces":[40,0,1,2,0,1,2,0,0,0,40,0,3,1,0,3,1,1,1,1,40,4,5,3,0,4,3,2,2,2,40,4,6,5,0,5,4,3,3,3,40,4,7,6,0,6,5,4,4,4,40,4,8,7,0,7,6,5,5,5,40,9,10,8,0,8,7,6,6,6,40,11,2,10,0,2,8,7,7,7,40,12,13,14,9,10,11,8,8,8,40,12,15,13,9,12,10,9,9,9,40,15,16,13,12,13,10,10,10,10,40,15,17,16,12,14,13,11,11,11,40,17,18,16,14,15,13,12,12,12,40,19,20,18,14,16,15,13,13,13,40,20,21,22,16,17,15,14,14,14,40,20,23,21,16,18,17,15,15,15,40,23,24,25,18,19,17,16,16,16,40,23,26,24,18,20,19,17,17,17,40,26,27,28,20,21,19,18,18,18,40,29,30,27,20,22,21,19,19,19,40,31,32,33,23,24,25,20,20,20,40,31,34,32,23,26,24,21,21,21,40,34,14,32,26,11,24,22,22,22,40,35,36,14,26,9,11,23,23,23,40,14,37,38,11,27,28,24,24,24,40,14,13,37,11,10,27,25,25,25,40,39,40,37,10,29,27,26,26,26,40,41,16,40,10,13,29,27,27,27,40,16,42,40,13,30,29,28,28,28,40,16,43,42,13,15,30,29,29,29,40,18,44,45,15,31,30,30,30,30,40,18,21,44,15,17,31,31,31,31,40,46,47,44,17,32,31,32,32,32,40,48,24,47,17,19,32,33,33,33,40,28,49,47,19,33,32,34,34,34,40,28,50,49,19,21,33,35,35,35,40,33,51,52,25,34,35,36,36,36,40,33,53,51,25,24,34,37,37,37,40,32,38,54,24,28,34,38,38,38,40,32,14,38,24,11,28,39,39,39,40,55,56,57,28,36,37,40,40,40,40,58,37,56,28,27,36,41,41,41,40,59,60,56,27,38,36,42,42,42,40,61,62,60,27,29,38,43,43,43,40,63,64,60,29,39,38,44,44,44,40,63,45,64,29,30,39,45,45,45,40,65,66,67,30,40,39,46,46,46,40,42,44,66,30,31,40,47,47,47,40,68,69,70,31,41,40,48,48,48,40,68,47,69,31,32,41,49,49,49,40,71,72,73,32,42,41,50,50,50,40,74,75,72,32,33,42,51,51,51,40,52,76,77,35,43,44,52,52,52,40,78,79,76,35,34,43,53,53,53,40,80,57,76,34,37,43,54,54,54,40,54,58,57,34,28,37,55,55,55,40,81,57,56,45,37,36,56,56,56,40,81,56,82,45,36,38,57,57,57,40,83,84,67,46,38,39,58,58,58,40,83,64,70,46,39,40,59,59,59,40,85,86,73,46,40,41,60,60,60,40,87,88,72,46,41,42,61,61,61,40,81,77,76,45,44,43,62,62,62,40,89,90,91,45,43,37,63,63,63],"metadata":{"version":3,"faces":64,"vertices":92,"generator":"io_three","normals":64,"type":"Geometry","uvs":1}}